{"cameraMode":{"drawMode":0,"name":"Shaded","section":"Shading Mode"},"sceneLighting":true,"audioPlay":false,"sceneViewState":{"m_AlwaysRefresh":false,"showFog":true,"showSkybox":true,"showFlares":true,"showImageEffects":true,"showParticleSystems":true,"showVisualEffectGraphs":true,"m_FxEnabled":true},"in2DMode":false,"pivot":{"x":-0.19999980926513673,"y":20.799999237060548,"z":-11.600000381469727},"rotation":{"x":0.04161425307393074,"y":-0.9471148252487183,"z":0.2870984375476837,"w":0.1376488357782364},"size":12.12435531616211,"orthographic":false}