{"cameraMode":{"drawMode":0,"name":"Shaded","section":"Shading Mode"},"sceneLighting":false,"audioPlay":false,"sceneViewState":{"m_AlwaysRefresh":false,"showFog":true,"showSkybox":false,"showFlares":true,"showImageEffects":true,"showParticleSystems":true,"showVisualEffectGraphs":true,"m_FxEnabled":true},"in2DMode":false,"pivot":{"x":-0.9327285885810852,"y":111.0384521484375,"z":-0.3759806156158447},"rotation":{"x":0.1316349357366562,"y":-0.06687705218791962,"z":0.008826177567243576,"w":0.9890472888946533},"size":2.0406956672668459,"orthographic":false}